month,city,city_key,sector,sector_key,place_group,transaction_value_thousand_sar,transaction_count_thousand,lag_1,lag_3,lag_12,rolling_3,rolling_6,month_num,month_sin,month_cos,year
2020-05-01,Total,total,Hotels,hotels,accommodation,123043.57091346549,0.0,,,,,,5,0.49999999999999994,-0.8660254037844387,2020
2020-06-01,Total,total,Hotels,hotels,accommodation,285001.1266354485,0.0,123043.57091346549,,,123043.57091346549,123043.57091346549,6,1.2246467991473532e-16,-1.0,2020
2020-07-01,Total,total,Hotels,hotels,accommodation,457262.9386757896,0.0,285001.1266354485,,,204022.348774457,204022.348774457,7,-0.4999999999999997,-0.8660254037844388,2020
2020-08-01,Total,total,Hotels,hotels,accommodation,710278.435571968,0.0,457262.9386757896,123043.57091346549,,288435.8787415679,288435.8787415679,8,-0.8660254037844384,-0.5000000000000004,2020
2020-09-01,Total,total,Hotels,hotels,accommodation,517832.671389684,0.0,710278.435571968,285001.1266354485,,484180.8336277353,393896.5179491679,9,-1.0,-1.8369701987210297e-16,2020
2020-10-01,Total,total,Hotels,hotels,accommodation,521469.0891539189,0.0,517832.671389684,457262.9386757896,,561791.3485458138,418683.7486372711,10,-0.8660254037844386,0.5000000000000001,2020
2020-11-01,Total,total,Hotels,hotels,accommodation,723888.8756976468,0.0,521469.0891539189,710278.435571968,,583193.3987051903,435814.63872337906,11,-0.5000000000000004,0.8660254037844384,2020
2020-12-01,Total,total,Hotels,hotels,accommodation,646347.2846199234,0.0,723888.8756976468,517832.671389684,,587730.2120804166,535955.5228540759,12,-2.4492935982947064e-16,1.0,2020
2021-01-01,Total,total,Hotels,hotels,accommodation,987215.5759811581,0.0,646347.2846199234,521469.0891539189,,630568.4164904963,596179.8825181552,1,0.49999999999999994,0.8660254037844387,2021
2021-02-01,Total,total,Hotels,hotels,accommodation,458307.0652071734,0.0,987215.5759811581,723888.8756976468,,785817.2454329095,684505.3220690498,2,0.8660254037844386,0.5000000000000001,2021
2021-03-01,Total,total,Hotels,hotels,accommodation,549268.4538587007,0.0,458307.0652071734,646347.2846199234,,697289.9752694183,642510.0936749175,3,1.0,6.123233995736766e-17,2021
2021-04-01,Total,total,Hotels,hotels,accommodation,507272.18169946247,0.0,549268.4538587007,987215.5759811581,,664930.3650156773,647749.3907530869,4,0.8660254037844387,-0.4999999999999998,2021
2021-05-01,Total,total,Hotels,hotels,accommodation,974288.0696782939,0.0,507272.18169946247,458307.0652071734,123043.57091346549,504949.23358844547,645383.2395106774,5,0.49999999999999994,-0.8660254037844387,2021
2021-06-01,Total,total,Hotels,hotels,accommodation,794349.316243743,0.0,974288.0696782939,549268.4538587007,285001.1266354485,676942.9017454856,687116.438507452,6,1.2246467991473532e-16,-1.0,2021
2021-07-01,Total,total,Hotels,hotels,accommodation,754226.5846652145,0.0,794349.316243743,507272.18169946247,457262.9386757896,758636.5225404998,711783.4437780887,7,-0.4999999999999997,-0.8660254037844388,2021
2021-08-01,Total,total,Hotels,hotels,accommodation,924255.5229660092,0.0,754226.5846652145,974288.0696782939,710278.435571968,840954.6568624171,672951.9452254314,8,-0.8660254037844384,-0.5000000000000004,2021
2021-09-01,Total,total,Hotels,hotels,accommodation,637773.9390084317,0.0,924255.5229660092,794349.316243743,517832.671389684,824277.1412916555,750610.0215185707,9,-1.0,-1.8369701987210297e-16,2021
2021-10-01,Total,total,Hotels,hotels,accommodation,910949.5411344885,0.0,637773.9390084317,754226.5846652145,521469.0891539189,772085.348879885,765360.9357101925,10,-0.8660254037844386,0.5000000000000001,2021
2021-11-01,Total,total,Hotels,hotels,accommodation,890290.8919685611,0.0,910949.5411344885,924255.5229660092,723888.8756976468,824326.334369643,832640.4956160303,11,-0.5000000000000004,0.8660254037844384,2021
2021-12-01,Total,total,Hotels,hotels,accommodation,781166.5064726354,0.0,890290.8919685611,637773.9390084317,646347.2846199234,813004.790703827,818640.9659977414,12,-2.4492935982947064e-16,1.0,2021
2022-01-01,Total,total,Hotels,hotels,accommodation,1026422.5118219554,0.0,781166.5064726354,910949.5411344885,987215.5759811581,860802.3131918949,816443.8310358902,1,0.49999999999999994,0.8660254037844387,2022
2022-02-01,Total,total,Hotels,hotels,accommodation,800549.5817128145,0.0,1026422.5118219554,890290.8919685611,458307.0652071734,899293.3034210507,861809.818895347,2,0.8660254037844386,0.5000000000000001,2022
2022-03-01,Total,total,Hotels,hotels,accommodation,1040219.3658587027,0.0,800549.5817128145,781166.5064726354,549268.4538587007,869379.5333358017,841192.1620198144,3,1.0,6.123233995736766e-17,2022
2022-04-01,Total,total,Hotels,hotels,accommodation,1240419.8496339554,0.0,1040219.3658587027,1026422.5118219554,507272.18169946247,955730.4864644908,908266.3998281929,4,0.8660254037844387,-0.4999999999999998,2022
2022-05-01,Total,total,Hotels,hotels,accommodation,1106236.3098794061,0.0,1240419.8496339554,800549.5817128145,974288.0696782939,1027062.9324018242,963178.1179114374,5,0.49999999999999994,-0.8660254037844387,2022
2022-06-01,Total,total,Hotels,hotels,accommodation,711925.3719170436,0.0,1106236.3098794061,1040219.3658587027,794349.316243743,1128958.5084573545,999169.0208965783,6,1.2246467991473532e-16,-1.0,2022
2022-07-01,Total,total,Hotels,hotels,accommodation,1105123.8219234296,0.0,711925.3719170436,1240419.8496339554,754226.5846652145,1019527.1771434684,987628.8318039797,7,-0.4999999999999997,-0.8660254037844388,2022
2022-08-01,Total,total,Hotels,hotels,accommodation,1071905.584922364,0.0,1105123.8219234296,1106236.3098794061,924255.5229660092,974428.5012399597,1000745.716820892,8,-0.8660254037844384,-0.5000000000000004,2022
2022-09-01,Total,total,Hotels,hotels,accommodation,843970.2001238222,0.0,1071905.584922364,711925.3719170436,637773.9390084317,962984.926254279,1045971.717355817,9,-1.0,-1.8369701987210297e-16,2022
2022-10-01,Total,total,Hotels,hotels,accommodation,1173121.4390688764,0.0,843970.2001238222,1105123.8219234296,910949.5411344885,1006999.8689898718,1013263.5230666702,10,-0.8660254037844386,0.5000000000000001,2022
2022-11-01,Total,total,Hotels,hotels,accommodation,1128272.5856380563,0.0,1173121.4390688764,1071905.584922364,890290.8919685611,1029665.7413716875,1002047.1213058237,11,-0.5000000000000004,0.8660254037844384,2022
2022-12-01,Total,total,Hotels,hotels,accommodation,1079018.2468255078,0.0,1128272.5856380563,843970.2001238222,781166.5064726354,1048454.7416102517,1005719.8339322653,12,-2.4492935982947064e-16,1.0,2022
2023-01-01,Total,total,Hotels,hotels,accommodation,1369118.343388618,0.0,1079018.2468255078,1173121.4390688764,1026422.5118219554,1126804.0905108135,1066901.979750343,1,0.49999999999999994,0.8660254037844387,2023
2023-02-01,Total,total,Hotels,hotels,accommodation,1245091.141731435,0.0,1369118.343388618,1128272.5856380563,800549.5817128145,1192136.3919507274,1110901.0666612075,2,0.8660254037844386,0.5000000000000001,2023
2023-03-01,Total,total,Hotels,hotels,accommodation,1295561.192196356,0.0,1245091.141731435,1079018.2468255078,1040219.3658587027,1231075.9106485203,1139765.326129386,3,1.0,6.123233995736766e-17,2023
2023-04-01,Total,total,Hotels,hotels,accommodation,1561328.3253487523,0.0,1295561.192196356,1369118.343388618,1240419.8496339554,1303256.892438803,1215030.4914748082,4,0.8660254037844387,-0.4999999999999998,2023
2023-05-01,Total,total,Hotels,hotels,accommodation,991142.1033371675,0.0,1561328.3253487523,1245091.141731435,1106236.3098794061,1367326.8864255145,1279731.6391881208,5,0.49999999999999994,-0.8660254037844387,2023
2023-06-01,Total,total,Hotels,hotels,accommodation,793619.9888555811,0.0,991142.1033371675,1295561.192196356,711925.3719170436,1282677.206960759,1256876.5588046394,6,1.2246467991473532e-16,-1.0,2023
2023-07-01,Total,total,Hotels,hotels,accommodation,1364165.9885623353,0.0,793619.9888555811,1561328.3253487523,1105123.8219234296,1115363.4725138338,1209310.1824763182,7,-0.4999999999999997,-0.8660254037844388,2023
2023-08-01,Total,total,Hotels,hotels,accommodation,1073993.2119019465,0.0,1364165.9885623353,991142.1033371675,1071905.584922364,1049642.693585028,1208484.790005271,8,-0.8660254037844384,-0.5000000000000004,2023
2023-09-01,Total,total,Hotels,hotels,accommodation,997678.5907983596,0.0,1073993.2119019465,793619.9888555811,843970.2001238222,1077259.7297732877,1179968.4683670232,9,-1.0,-1.8369701987210297e-16,2023
2023-10-01,Total,total,Hotels,hotels,accommodation,1387758.3729427923,0.0,997678.5907983596,1364165.9885623353,1173121.4390688764,1145279.263754214,1130321.3681340239,10,-0.8660254037844386,0.5000000000000001,2023
2023-11-01,Total,total,Hotels,hotels,accommodation,1326864.3280758793,0.0,1387758.3729427923,1073993.2119019465,1128272.5856380563,1153143.3918810328,1101393.0427330304,11,-0.5000000000000004,0.8660254037844384,2023
2023-12-01,Total,total,Hotels,hotels,accommodation,1654301.17166687,0.0,1326864.3280758793,997678.5907983596,1079018.2468255078,1237433.7639390104,1157346.746856149,12,-2.4492935982947064e-16,1.0,2023
2024-01-01,Total,total,Hotels,hotels,accommodation,1398221.000113257,0.0,1654301.17166687,1387758.3729427923,1369118.343388618,1456307.957561847,1300793.6106580305,1,0.49999999999999994,0.8660254037844387,2024
2024-02-01,Total,total,Hotels,hotels,accommodation,1462282.6830324305,0.0,1398221.000113257,1326864.3280758793,1245091.141731435,1459795.4999520022,1306469.4459165174,2,0.8660254037844386,0.5000000000000001,2024
2024-03-01,Total,total,Hotels,hotels,accommodation,1701616.2638113964,0.0,1462282.6830324305,1654301.17166687,1295561.192196356,1504934.9516041856,1371184.357771598,3,1.0,6.123233995736766e-17,2024
2024-04-01,Total,total,Hotels,hotels,accommodation,1155176.282620287,0.0,1701616.2638113964,1398221.000113257,1561328.3253487523,1520706.6489856944,1488507.303273771,4,0.8660254037844387,-0.4999999999999998,2024
2024-05-01,Total,total,Hotels,hotels,accommodation,963786.472972973,0.0,1155176.282620287,1462282.6830324305,991142.1033371675,1439691.7431547046,1449743.6215533533,5,0.49999999999999994,-0.8660254037844387,2024
2024-06-01,Total,total,Hotels,hotels,accommodation,1069485.092405433,0.0,963786.472972973,1701616.2638113964,793619.9888555811,1273526.339801552,1389230.645702869,6,1.2246467991473532e-16,-1.0,2024
2024-07-01,Total,total,Hotels,hotels,accommodation,1188579.6763003364,0.0,1069485.092405433,1155176.282620287,1364165.9885623353,1062815.9493328978,1291761.299159296,7,-0.4999999999999997,-0.8660254037844388,2024
2024-08-01,Total,total,Hotels,hotels,accommodation,1050645.4514929487,0.0,1188579.6763003364,963786.472972973,1073993.2119019465,1073950.4138929143,1256821.0785238093,8,-0.8660254037844384,-0.5000000000000004,2024
2024-09-01,Total,total,Hotels,hotels,accommodation,1291888.1651319552,0.0,1050645.4514929487,1069485.092405433,997678.5907983596,1102903.406732906,1188214.8732672292,9,-1.0,-1.8369701987210297e-16,2024
2024-10-01,Total,total,Hotels,hotels,accommodation,1189712.139508131,0.0,1291888.1651319552,1188579.6763003364,1387758.3729427923,1177037.7643084135,1119926.8568206558,10,-0.8660254037844386,0.5000000000000001,2024
2024-11-01,Total,total,Hotels,hotels,accommodation,1392066.9505954855,0.0,1189712.139508131,1050645.4514929487,1326864.3280758793,1177415.252044345,1125682.8329686297,11,-0.5000000000000004,0.8660254037844384,2024
2024-12-01,Total,total,Hotels,hotels,accommodation,1743455.4895315482,0.0,1392066.9505954855,1291888.1651319552,1654301.17166687,1291222.4184118572,1197062.9125723818,12,-2.4492935982947064e-16,1.0,2024
2025-01-01,Total,total,Hotels,hotels,accommodation,1408675.479053075,0.0,1743455.4895315482,1189712.139508131,1398221.000113257,1441744.8598783885,1309391.3120934006,1,0.49999999999999994,0.8660254037844387,2025
2025-02-01,Total,total,Hotels,hotels,accommodation,1452067.4059429038,0.0,1408675.479053075,1392066.9505954855,1462282.6830324305,1514732.639726703,1346073.945885524,2,0.8660254037844386,0.5000000000000001,2025
2025-03-01,Total,total,Hotels,hotels,accommodation,1871144.421431519,0.0,1452067.4059429038,1743455.4895315482,1701616.2638113964,1534732.7915091757,1412977.6049605163,3,1.0,6.123233995736766e-17,2025
2025-04-01,Total,total,Hotels,hotels,accommodation,1147285.8319120912,0.0,1871144.421431519,1408675.479053075,1155176.282620287,1577295.768809166,1509520.3143437773,4,0.8660254037844387,-0.4999999999999998,2025
2025-05-01,Total,total,Hotels,hotels,accommodation,885482.5779563561,0.0,1147285.8319120912,1452067.4059429038,963786.472972973,1490165.886428838,1502449.2630777704,5,0.49999999999999994,-0.8660254037844387,2025
2025-06-01,Total,total,Hotels,hotels,accommodation,1022117.163423564,0.0,885482.5779563561,1871144.421431519,1069485.092405433,1301304.2770999887,1418018.5343045823,6,1.2246467991473532e-16,-1.0,2025
2025-07-01,Total,total,Hotels,hotels,accommodation,282417.60031918815,0.0,1022117.163423564,1147285.8319120912,1188579.6763003364,1018295.1910973372,1297795.4799532515,7,-0.4999999999999997,-0.8660254037844388,2025
2020-05-01,Total,total,Recreation and Culture,recreation and culture,attractions,969562.0122438738,0.0,,,,,,5,0.49999999999999994,-0.8660254037844387,2020
2020-06-01,Total,total,Recreation and Culture,recreation and culture,attractions,1118737.0910981684,0.0,969562.0122438738,,,969562.0122438738,969562.0122438738,6,1.2246467991473532e-16,-1.0,2020
2020-07-01,Total,total,Recreation and Culture,recreation and culture,attractions,908336.324050412,0.0,1118737.0910981684,,,1044149.5516710212,1044149.5516710212,7,-0.4999999999999997,-0.8660254037844388,2020
2020-08-01,Total,total,Recreation and Culture,recreation and culture,attractions,1409838.7339238347,0.0,908336.324050412,969562.0122438738,,998878.4757974847,998878.4757974847,8,-0.8660254037844384,-0.5000000000000004,2020
2020-09-01,Total,total,Recreation and Culture,recreation and culture,attractions,1042315.5326402597,0.0,1409838.7339238347,1118737.0910981684,,1145637.3830241384,1101618.5403290722,9,-1.0,-1.8369701987210297e-16,2020
2020-10-01,Total,total,Recreation and Culture,recreation and culture,attractions,983270.1622389432,0.0,1042315.5326402597,908336.324050412,,1120163.5302048356,1089757.9387913097,10,-0.8660254037844386,0.5000000000000001,2020
2020-11-01,Total,total,Recreation and Culture,recreation and culture,attractions,1287526.6851227437,0.0,983270.1622389432,1409838.7339238347,,1145141.4762676794,1072009.9760325819,11,-0.5000000000000004,0.8660254037844384,2020
2020-12-01,Total,total,Recreation and Culture,recreation and culture,attractions,1203070.04390987,0.0,1287526.6851227437,1042315.5326402597,,1104370.7933339821,1125004.0881790605,12,-2.4492935982947064e-16,1.0,2020
2021-01-01,Total,total,Recreation and Culture,recreation and culture,attractions,1524605.0898987406,0.0,1203070.04390987,983270.1622389432,,1157955.6304238522,1139059.580314344,1,0.49999999999999994,0.8660254037844387,2021
2021-02-01,Total,total,Recreation and Culture,recreation and culture,attractions,1091873.0048182176,0.0,1524605.0898987406,1287526.6851227437,,1338400.6063104514,1241771.0412890653,2,0.8660254037844386,0.5000000000000001,2021
2021-03-01,Total,total,Recreation and Culture,recreation and culture,attractions,1094124.8769658,0.0,1091873.0048182176,1203070.04390987,,1273182.7128756095,1188776.753104796,3,1.0,6.123233995736766e-17,2021
2021-04-01,Total,total,Recreation and Culture,recreation and culture,attractions,1048437.994095806,0.0,1094124.8769658,1524605.0898987406,,1236867.6572275863,1197411.6438257191,4,0.8660254037844387,-0.4999999999999998,2021
2021-05-01,Total,total,Recreation and Culture,recreation and culture,attractions,1418964.6070360835,0.0,1048437.994095806,1091873.0048182176,969562.0122438738,1078145.2919599412,1208272.9491351964,5,0.49999999999999994,-0.8660254037844387,2021
2021-06-01,Total,total,Recreation and Culture,recreation and culture,attractions,960542.814565856,0.0,1418964.6070360835,1094124.8769658,1118737.0910981684,1187175.8260325633,1230179.2694540862,6,1.2246467991473532e-16,-1.0,2021
2021-07-01,Total,total,Recreation and Culture,recreation and culture,attractions,915666.5172653724,0.0,960542.814565856,1048437.994095806,908336.324050412,1142648.4718992484,1189758.064563417,7,-0.4999999999999997,-0.8660254037844388,2021
2021-08-01,Total,total,Recreation and Culture,recreation and culture,attractions,1409928.7946460017,0.0,915666.5172653724,1418964.6070360835,1409838.7339238347,1098391.3129557706,1088268.3024578558,8,-0.8660254037844384,-0.5000000000000004,2021
2021-09-01,Total,total,Recreation and Culture,recreation and culture,attractions,1121686.3636804703,0.0,1409928.7946460017,960542.814565856,1042315.5326402597,1095379.37549241,1141277.6007624867,9,-1.0,-1.8369701987210297e-16,2021
2021-10-01,Total,total,Recreation and Culture,recreation and culture,attractions,1327710.6770748137,0.0,1121686.3636804703,915666.5172653724,983270.1622389432,1149093.891863948,1145871.1818815984,10,-0.8660254037844386,0.5000000000000001,2021
2021-11-01,Total,total,Recreation and Culture,recreation and culture,attractions,1090793.645220489,0.0,1327710.6770748137,1409928.7946460017,1287526.6851227437,1286441.9451337617,1192416.6290447663,11,-0.5000000000000004,0.8660254037844384,2021
2021-12-01,Total,total,Recreation and Culture,recreation and culture,attractions,1151729.531668416,0.0,1090793.645220489,1121686.3636804703,1203070.04390987,1180063.5619919244,1137721.468742167,12,-2.4492935982947064e-16,1.0,2021
2022-01-01,Total,total,Recreation and Culture,recreation and culture,attractions,1488207.2980186606,0.0,1151729.531668416,1327710.6770748137,1524605.0898987406,1190077.9513212396,1169585.921592594,1,0.49999999999999994,0.8660254037844387,2022
2022-02-01,Total,total,Recreation and Culture,recreation and culture,attractions,1127598.2796073225,0.0,1488207.2980186606,1090793.645220489,1091873.0048182176,1243576.8249691885,1265009.3850514751,2,0.8660254037844386,0.5000000000000001,2022
2022-03-01,Total,total,Recreation and Culture,recreation and culture,attractions,1254251.9887693673,0.0,1127598.2796073225,1151729.531668416,1094124.8769658,1255845.0364314665,1217954.2992116956,3,1.0,6.123233995736766e-17,2022
2022-04-01,Total,total,Recreation and Culture,recreation and culture,attractions,1200115.8613562929,0.0,1254251.9887693673,1488207.2980186606,1048437.994095806,1290019.1887984502,1240048.570059845,4,0.8660254037844387,-0.4999999999999998,2022
2022-05-01,Total,total,Recreation and Culture,recreation and culture,attractions,1225758.5727009703,0.0,1200115.8613562929,1127598.2796073225,1418964.6070360835,1193988.7099109942,1218782.7674400916,5,0.49999999999999994,-0.8660254037844387,2022
2022-06-01,Total,total,Recreation and Culture,recreation and culture,attractions,1148181.0837548054,0.0,1225758.5727009703,1254251.9887693673,960542.814565856,1226708.8076088768,1241276.9220201715,6,1.2246467991473532e-16,-1.0,2022
2022-07-01,Total,total,Recreation and Culture,recreation and culture,attractions,1324224.2554690454,0.0,1148181.0837548054,1200115.8613562929,915666.5172653724,1191351.8392706895,1240685.51403457,7,-0.4999999999999997,-0.8660254037844388,2022
2022-08-01,Total,total,Recreation and Culture,recreation and culture,attractions,1264319.7378089088,0.0,1324224.2554690454,1225758.5727009703,1409928.7946460017,1232721.3039749404,1213355.0069429672,8,-0.8660254037844384,-0.5000000000000004,2022
2022-09-01,Total,total,Recreation and Culture,recreation and culture,attractions,1206447.2465385315,0.0,1264319.7378089088,1148181.0837548054,1121686.3636804703,1245575.0256775867,1236141.9166432319,9,-1.0,-1.8369701987210297e-16,2022
2022-10-01,Total,total,Recreation and Culture,recreation and culture,attractions,1363916.664163949,0.0,1206447.2465385315,1324224.2554690454,1327710.6770748137,1264997.0799388287,1228174.459604759,10,-0.8660254037844386,0.5000000000000001,2022
2022-11-01,Total,total,Recreation and Culture,recreation and culture,attractions,1061955.93802643,0.0,1363916.664163949,1264319.7378089088,1090793.645220489,1278227.8828371298,1255474.5934060349,11,-0.5000000000000004,0.8660254037844384,2022
2022-12-01,Total,total,Recreation and Culture,recreation and culture,attractions,1210180.7633550933,0.0,1061955.93802643,1206447.2465385315,1151729.531668416,1210773.282909637,1228174.1542936116,12,-2.4492935982947064e-16,1.0,2022
2023-01-01,Total,total,Recreation and Culture,recreation and culture,attractions,1371424.0418097584,0.0,1210180.7633550933,1363916.664163949,1488207.2980186606,1212017.7885151573,1238507.4342269928,1,0.49999999999999994,0.8660254037844387,2023
2023-02-01,Total,total,Recreation and Culture,recreation and culture,attractions,1107478.1151882356,0.0,1371424.0418097584,1061955.93802643,1127598.2796073225,1214520.2477304272,1246374.0652837786,2,0.8660254037844386,0.5000000000000001,2023
2023-03-01,Total,total,Recreation and Culture,recreation and culture,attractions,1151935.418250135,0.0,1107478.1151882356,1210180.7633550933,1254251.9887693673,1229694.3067843623,1220233.7948469997,3,1.0,6.123233995736766e-17,2023
2023-04-01,Total,total,Recreation and Culture,recreation and culture,attractions,1466814.728518767,0.0,1151935.418250135,1371424.0418097584,1200115.8613562929,1210279.1917493762,1211148.490132267,4,0.8660254037844387,-0.4999999999999998,2023
2023-05-01,Total,total,Recreation and Culture,recreation and culture,attractions,1007524.6712768014,0.0,1466814.728518767,1107478.1151882356,1225758.5727009703,1242076.087319046,1228298.1675247366,5,0.49999999999999994,-0.8660254037844387,2023
2023-06-01,Total,total,Recreation and Culture,recreation and culture,attractions,1252070.7582531353,0.0,1007524.6712768014,1151935.418250135,1148181.0837548054,1208758.272681901,1219226.2897331319,6,1.2246467991473532e-16,-1.0,2023
2023-07-01,Total,total,Recreation and Culture,recreation and culture,attractions,1316405.5106351043,0.0,1252070.7582531353,1466814.728518767,1324224.2554690454,1242136.719349568,1226207.955549472,7,-0.4999999999999997,-0.8660254037844388,2023
2023-08-01,Total,total,Recreation and Culture,recreation and culture,attractions,1273518.3367907247,0.0,1316405.5106351043,1007524.6712768014,1264319.7378089088,1192000.313388347,1217038.2003536962,8,-0.8660254037844384,-0.5000000000000004,2023
2023-09-01,Total,total,Recreation and Culture,recreation and culture,attractions,1129806.483386505,0.0,1273518.3367907247,1252070.7582531353,1206447.2465385315,1280664.8685596548,1244711.5706207778,9,-1.0,-1.8369701987210297e-16,2023
2023-10-01,Total,total,Recreation and Culture,recreation and culture,attractions,1369487.8192913327,0.0,1129806.483386505,1316405.5106351043,1363916.664163949,1239910.110270778,1241023.414810173,10,-0.8660254037844386,0.5000000000000001,2023
2023-11-01,Total,total,Recreation and Culture,recreation and culture,attractions,1293158.7599133211,0.0,1369487.8192913327,1273518.3367907247,1061955.93802643,1257604.2131561877,1224802.263272267,11,-0.5000000000000004,0.8660254037844384,2023
2023-12-01,Total,total,Recreation and Culture,recreation and culture,attractions,1602693.106459472,0.0,1293158.7599133211,1129806.483386505,1210180.7633550933,1264151.0208637195,1272407.944711687,12,-2.4492935982947064e-16,1.0,2023
2024-01-01,Total,total,Recreation and Culture,recreation and culture,attractions,1151992.4977638524,0.0,1602693.106459472,1369487.8192913327,1371424.0418097584,1421779.8952213752,1330845.0027460766,1,0.49999999999999994,0.8660254037844387,2024
2024-02-01,Total,total,Recreation and Culture,recreation and culture,attractions,1215511.5085972457,0.0,1151992.4977638524,1293158.7599133211,1107478.1151882356,1349281.454712215,1303442.8339342014,2,0.8660254037844386,0.5000000000000001,2024
2024-03-01,Total,total,Recreation and Culture,recreation and culture,attractions,1507602.5524073432,0.0,1215511.5085972457,1602693.106459472,1151935.418250135,1323399.0376068568,1293775.0292352883,3,1.0,6.123233995736766e-17,2024
2024-04-01,Total,total,Recreation and Culture,recreation and culture,attractions,1038747.0437623123,0.0,1507602.5524073432,1151992.4977638524,1466814.728518767,1291702.186256147,1356741.0407387612,4,0.8660254037844387,-0.4999999999999998,2024
2024-05-01,Total,total,Recreation and Culture,recreation and culture,attractions,1056674.4443093468,0.0,1038747.0437623123,1215511.5085972457,1007524.6712768014,1253953.701588967,1301617.578150591,5,0.49999999999999994,-0.8660254037844387,2024
2024-06-01,Total,total,Recreation and Culture,recreation and culture,attractions,1415835.1741665849,0.0,1056674.4443093468,1507602.5524073432,1252070.7582531353,1201008.0134930008,1262203.525549929,6,1.2246467991473532e-16,-1.0,2024
2024-07-01,Total,total,Recreation and Culture,recreation and culture,attractions,1000948.7017891458,0.0,1415835.1741665849,1038747.0437623123,1316405.5106351043,1170418.887412748,1231060.5368344474,7,-0.4999999999999997,-0.8660254037844388,2024
2024-08-01,Total,total,Recreation and Culture,recreation and culture,attractions,1242233.3440925803,0.0,1000948.7017891458,1056674.4443093468,1273518.3367907247,1157819.4400883592,1205886.570838663,8,-0.8660254037844384,-0.5000000000000004,2024
2024-09-01,Total,total,Recreation and Culture,recreation and culture,attractions,1411138.1309583515,0.0,1242233.3440925803,1415835.1741665849,1129806.483386505,1219672.4066827705,1210340.2100878854,9,-1.0,-1.8369701987210297e-16,2024
2024-10-01,Total,total,Recreation and Culture,recreation and culture,attractions,1049978.564443612,0.0,1411138.1309583515,1000948.7017891458,1369487.8192913327,1218106.7256133591,1194262.8065130536,10,-0.8660254037844386,0.5000000000000001,2024
2024-11-01,Total,total,Recreation and Culture,recreation and culture,attractions,1205747.6207707953,0.0,1049978.564443612,1242233.3440925803,1293158.7599133211,1234450.0131648479,1196134.7266266036,11,-0.5000000000000004,0.8660254037844384,2024
2024-12-01,Total,total,Recreation and Culture,recreation and culture,attractions,1412030.8195336335,0.0,1205747.6207707953,1411138.1309583515,1602693.106459472,1222288.1053909196,1220980.2560368448,12,-2.4492935982947064e-16,1.0,2024
2025-01-01,Total,total,Recreation and Culture,recreation and culture,attractions,1022916.7563214963,0.0,1412030.8195336335,1049978.564443612,1151992.4977638524,1222585.668249347,1220346.196931353,1,0.49999999999999994,0.8660254037844387,2025
2025-02-01,Total,total,Recreation and Culture,recreation and culture,attractions,1155453.5706637285,0.0,1022916.7563214963,1205747.6207707953,1215511.5085972457,1213565.065541975,1224007.5393534114,2,0.8660254037844386,0.5000000000000001,2025
2025-03-01,Total,total,Recreation and Culture,recreation and culture,attractions,1597975.2692528572,0.0,1155453.5706637285,1412030.8195336335,1507602.5524073432,1196800.3821729526,1209544.2437819361,3,1.0,6.123233995736766e-17,2025
2025-04-01,Total,total,Recreation and Culture,recreation and culture,attractions,990185.177687747,0.0,1597975.2692528572,1022916.7563214963,1038747.0437623123,1258781.8654126942,1240683.7668310206,4,0.8660254037844387,-0.4999999999999998,2025
2025-05-01,Total,total,Recreation and Culture,recreation and culture,attractions,1044373.822594498,0.0,990185.177687747,1155453.5706637285,1056674.4443093468,1247871.3392014443,1230718.2023717097,5,0.49999999999999994,-0.8660254037844387,2025
2025-06-01,Total,total,Recreation and Culture,recreation and culture,attractions,1315923.8580202856,0.0,1044373.822594498,1597975.2692528572,1415835.1741665849,1210844.7565117008,1203822.5693423268,6,1.2246467991473532e-16,-1.0,2025
2025-07-01,Total,total,Recreation and Culture,recreation and culture,attractions,262114.0,0.0,1315923.8580202856,990185.177687747,1000948.7017891458,1116827.619434177,1187804.7424234354,7,-0.4999999999999997,-0.8660254037844388,2025
2020-05-01,Total,total,Restaurants & Café,restaurants caf,food,1936196.0946605804,0.0,,,,,,5,0.49999999999999994,-0.8660254037844387,2020
2020-06-01,Total,total,Restaurants & Café,restaurants caf,food,2759107.5074742325,0.0,1936196.0946605804,,,1936196.0946605804,1936196.0946605804,6,1.2246467991473532e-16,-1.0,2020
2020-07-01,Total,total,Restaurants & Café,restaurants caf,food,3599065.758787067,0.0,2759107.5074742325,,,2347651.8010674063,2347651.8010674063,7,-0.4999999999999997,-0.8660254037844388,2020
2020-08-01,Total,total,Restaurants & Café,restaurants caf,food,4758573.764326486,0.0,3599065.758787067,1936196.0946605804,,2764789.78697396,2764789.78697396,8,-0.8660254037844384,-0.5000000000000004,2020
2020-09-01,Total,total,Restaurants & Café,restaurants caf,food,4054605.543032015,0.0,4758573.764326486,2759107.5074742325,,3705582.3435292616,3263235.7813120913,9,-1.0,-1.8369701987210297e-16,2020
2020-10-01,Total,total,Restaurants & Café,restaurants caf,food,4052042.058485081,0.0,4054605.543032015,3599065.758787067,,4137415.0220485223,3421509.7336560762,10,-0.8660254037844386,0.5000000000000001,2020
2020-11-01,Total,total,Restaurants & Café,restaurants caf,food,5409148.963205257,0.0,4052042.058485081,4758573.764326486,,4288407.12194786,3526598.45446091,11,-0.5000000000000004,0.8660254037844384,2020
2020-12-01,Total,total,Restaurants & Café,restaurants caf,food,4494402.698200707,0.0,5409148.963205257,4054605.543032015,,4505265.521574118,4105423.9325516894,12,-2.4492935982947064e-16,1.0,2020
2021-01-01,Total,total,Restaurants & Café,restaurants caf,food,5835910.43912669,0.0,4494402.698200707,4052042.058485081,,4651864.573297015,4394639.797672769,1,0.49999999999999994,0.8660254037844387,2021
2021-02-01,Total,total,Restaurants & Café,restaurants caf,food,3699748.1892439974,0.0,5835910.43912669,5409148.963205257,,5246487.366844218,4767447.244396039,2,0.8660254037844386,0.5000000000000001,2021
2021-03-01,Total,total,Restaurants & Café,restaurants caf,food,4700975.664715889,0.0,3699748.1892439974,4494402.698200707,,4676687.108857132,4590976.315215625,3,1.0,6.123233995736766e-17,2021
2021-04-01,Total,total,Restaurants & Café,restaurants caf,food,3634527.30407291,0.0,4700975.664715889,5835910.43912669,,4745544.764362193,4698704.668829604,4,0.8660254037844387,-0.4999999999999998,2021
2021-05-01,Total,total,Restaurants & Café,restaurants caf,food,6192882.273401389,0.0,3634527.30407291,3699748.1892439974,1936196.0946605804,4011750.3860109323,4629118.876427575,5,0.49999999999999994,-0.8660254037844387,2021
2021-06-01,Total,total,Restaurants & Café,restaurants caf,food,5115651.421304628,0.0,6192882.273401389,4700975.664715889,2759107.5074742325,4842795.080730063,4759741.094793596,6,1.2246467991473532e-16,-1.0,2021
2021-07-01,Total,total,Restaurants & Café,restaurants caf,food,5109222.578373601,0.0,5115651.421304628,3634527.30407291,3599065.758787067,4981020.33292631,4863282.54864425,7,-0.4999999999999997,-0.8660254037844388,2021
2021-08-01,Total,total,Restaurants & Café,restaurants caf,food,6408811.618792648,0.0,5109222.578373601,6192882.273401389,4758573.764326486,5472585.424359873,4742167.905185402,8,-0.8660254037844384,-0.5000000000000004,2021
2021-09-01,Total,total,Restaurants & Café,restaurants caf,food,5155799.1923081335,0.0,6408811.618792648,5115651.421304628,4054605.543032015,5544561.872823626,5193678.476776844,9,-1.0,-1.8369701987210297e-16,2021
2021-10-01,Total,total,Restaurants & Café,restaurants caf,food,6738130.041465849,0.0,5155799.1923081335,5109222.578373601,4052042.058485081,5557944.463158128,5269482.398042218,10,-0.8660254037844386,0.5000000000000001,2021
2021-11-01,Total,total,Restaurants & Café,restaurants caf,food,5669883.469925419,0.0,6738130.041465849,6408811.618792648,5409148.963205257,6100913.61752221,5786749.520941041,11,-0.5000000000000004,0.8660254037844384,2021
2021-12-01,Total,total,Restaurants & Café,restaurants caf,food,5655534.765603466,0.0,5669883.469925419,5155799.1923081335,4494402.698200707,5854604.234566468,5699583.053695046,12,-2.4492935982947064e-16,1.0,2021
2022-01-01,Total,total,Restaurants & Café,restaurants caf,food,7301033.159368665,0.0,5655534.765603466,6738130.041465849,5835910.43912669,6021182.758998245,5789563.611078187,1,0.49999999999999994,0.8660254037844387,2022
2022-02-01,Total,total,Restaurants & Café,restaurants caf,food,5919196.012373534,0.0,7301033.159368665,5669883.469925419,3699748.1892439974,6208817.131632517,6154865.374577363,2,0.8660254037844386,0.5000000000000001,2022
2022-03-01,Total,total,Restaurants & Café,restaurants caf,food,6312191.873081227,0.0,5919196.012373534,5655534.765603466,4700975.664715889,6291921.312448555,6073262.77350751,3,1.0,6.123233995736766e-17,2022
2022-04-01,Total,total,Restaurants & Café,restaurants caf,food,4730470.89539086,0.0,6312191.873081227,7301033.159368665,3634527.30407291,6510807.014941141,6265994.886969693,4,0.8660254037844387,-0.4999999999999998,2022
2022-05-01,Total,total,Restaurants & Café,restaurants caf,food,7956957.750297936,0.0,4730470.89539086,5919196.012373534,6192882.273401389,5653952.92694854,5931385.029290528,5,0.49999999999999994,-0.8660254037844387,2022
2022-06-01,Total,total,Restaurants & Café,restaurants caf,food,6243720.988418805,0.0,7956957.750297936,6312191.873081227,5115651.421304628,6333206.839590008,6312564.076019281,6,1.2246467991473532e-16,-1.0,2022
2022-07-01,Total,total,Restaurants & Café,restaurants caf,food,8031963.180191606,0.0,6243720.988418805,4730470.89539086,5109222.578373601,6310383.211369201,6410595.113155171,7,-0.4999999999999997,-0.8660254037844388,2022
2022-08-01,Total,total,Restaurants & Café,restaurants caf,food,6365448.950320342,0.0,8031963.180191606,7956957.750297936,6408811.618792648,7410880.639636115,6532416.783292328,8,-0.8660254037844384,-0.5000000000000004,2022
2022-09-01,Total,total,Restaurants & Café,restaurants caf,food,6212019.590194822,0.0,6365448.950320342,6243720.988418805,5155799.1923081335,6880377.706310251,6606792.272950129,9,-1.0,-1.8369701987210297e-16,2022
2022-10-01,Total,total,Restaurants & Café,restaurants caf,food,7990265.517566047,0.0,6212019.590194822,8031963.180191606,6738130.041465849,6869810.5735689225,6590096.8924690625,10,-0.8660254037844386,0.5000000000000001,2022
2022-11-01,Total,total,Restaurants & Café,restaurants caf,food,6717406.379196843,0.0,7990265.517566047,6365448.950320342,5669883.469925419,6855911.352693737,7133395.996164926,11,-0.5000000000000004,0.8660254037844384,2022
2022-12-01,Total,total,Restaurants & Café,restaurants caf,food,6614726.643097352,0.0,6717406.379196843,6212019.590194822,5655534.765603466,6973230.495652571,6926804.1009814115,12,-2.4492935982947064e-16,1.0,2022
2023-01-01,Total,total,Restaurants & Café,restaurants caf,food,8389446.806448488,0.0,6614726.643097352,7990265.517566047,7301033.159368665,7107466.179953414,6988638.376761168,1,0.49999999999999994,0.8660254037844387,2023
2023-02-01,Total,total,Restaurants & Café,restaurants caf,food,6989374.444051839,0.0,8389446.806448488,6717406.379196843,5919196.012373534,7240526.609580894,7048218.981137316,2,0.8660254037844386,0.5000000000000001,2023
2023-03-01,Total,total,Restaurants & Café,restaurants caf,food,6270218.0,0.0,6989374.444051839,6614726.643097352,6312191.873081227,7331182.631199227,7152206.563425899,3,1.0,6.123233995736766e-17,2023
2023-04-01,Total,total,Restaurants & Café,restaurants caf,food,8436734.341604257,0.0,6270218.0,8389446.806448488,4730470.89539086,7216346.416833443,7161906.298393428,4,0.8660254037844387,-0.4999999999999998,2023
2023-05-01,Total,total,Restaurants & Café,restaurants caf,food,7190084.239750044,0.0,8436734.341604257,6989374.444051839,7956957.750297936,7232108.9285520315,7236317.769066463,5,0.49999999999999994,-0.8660254037844387,2023
2023-06-01,Total,total,Restaurants & Café,restaurants caf,food,7466961.5056795785,0.0,7190084.239750044,6270218.0,6243720.988418805,7299012.193784767,7315097.412491997,6,1.2246467991473532e-16,-1.0,2023
2023-07-01,Total,total,Restaurants & Café,restaurants caf,food,8958582.473886274,0.0,7466961.5056795785,8436734.341604257,8031963.180191606,7697926.695677959,7457136.556255701,7,-0.4999999999999997,-0.8660254037844388,2023
2023-08-01,Total,total,Restaurants & Café,restaurants caf,food,7007586.702255045,0.0,8958582.473886274,7190084.239750044,6365448.950320342,7871876.073105298,7551992.500828666,8,-0.8660254037844384,-0.5000000000000004,2023
2023-09-01,Total,total,Restaurants & Café,restaurants caf,food,6942752.771567253,0.0,7007586.702255045,7466961.5056795785,6212019.590194822,7811043.560606965,7555027.877195866,9,-1.0,-1.8369701987210297e-16,2023
2023-10-01,Total,total,Restaurants & Café,restaurants caf,food,8957094.048459062,0.0,6942752.771567253,8958582.473886274,7990265.517566047,7636307.315902858,7667117.005790409,10,-0.8660254037844386,0.5000000000000001,2023
2023-11-01,Total,total,Restaurants & Café,restaurants caf,food,7500914.063381869,0.0,8957094.048459062,7007586.702255045,6717406.379196843,7635811.174093787,7753843.623599543,11,-0.5000000000000004,0.8660254037844384,2023
2023-12-01,Total,total,Restaurants & Café,restaurants caf,food,9401062.560853632,0.0,7500914.063381869,6942752.771567253,6614726.643097352,7800253.627802729,7805648.594204848,12,-2.4492935982947064e-16,1.0,2023
2024-01-01,Total,total,Restaurants & Café,restaurants caf,food,7592301.610390456,0.0,9401062.560853632,8957094.048459062,8389446.806448488,8619690.22423152,8127998.77006719,1,0.49999999999999994,0.8660254037844387,2024
2024-02-01,Total,total,Restaurants & Café,restaurants caf,food,7934256.819277723,0.0,7592301.610390456,7500914.063381869,6989374.444051839,8164759.411541986,7900285.292817886,2,0.8660254037844386,0.5000000000000001,2024
2024-03-01,Total,total,Restaurants & Café,restaurants caf,food,8013308.155613844,0.0,7934256.819277723,9401062.560853632,6270218.0,8309206.996840604,8054730.312321667,3,1.0,6.123233995736766e-17,2024
2024-04-01,Total,total,Restaurants & Café,restaurants caf,food,7714262.8883570265,0.0,8013308.155613844,7592301.610390456,8436734.341604257,7846622.195094008,8233156.209662764,4,0.8660254037844387,-0.4999999999999998,2024
2024-05-01,Total,total,Restaurants & Café,restaurants caf,food,7492959.429942024,0.0,7714262.8883570265,7934256.819277723,7190084.239750044,7887275.954416198,8026017.682979092,5,0.49999999999999994,-0.8660254037844387,2024
2024-06-01,Total,total,Restaurants & Café,restaurants caf,food,9567834.778219366,0.0,7492959.429942024,8013308.155613844,7466961.5056795785,7740176.824637632,8024691.910739119,6,1.2246467991473532e-16,-1.0,2024
2024-07-01,Total,total,Restaurants & Café,restaurants caf,food,7543849.61249918,0.0,9567834.778219366,7714262.8883570265,8958582.473886274,8258352.36550614,8052487.280300073,7,-0.4999999999999997,-0.8660254037844388,2024
2024-08-01,Total,total,Restaurants & Café,restaurants caf,food,7607038.501646379,0.0,7543849.61249918,7492959.429942024,7007586.702255045,8201547.940220189,8044411.9473181935,8,-0.8660254037844384,-0.5000000000000004,2024
2024-09-01,Total,total,Restaurants & Café,restaurants caf,food,9749143.73392742,0.0,7607038.501646379,9567834.778219366,6942752.771567253,8239574.297454976,7989875.561046303,9,-1.0,-1.8369701987210297e-16,2024
2024-10-01,Total,total,Restaurants & Café,restaurants caf,food,7696191.545705744,0.0,9749143.73392742,7543849.61249918,8957094.048459062,8300010.6160243265,8279181.4907652335,10,-0.8660254037844386,0.5000000000000001,2024
2024-11-01,Total,total,Restaurants & Café,restaurants caf,food,7982094.541452521,0.0,7696191.545705744,7607038.501646379,7500914.063381869,8350791.260426514,8276169.600323353,11,-0.5000000000000004,0.8660254037844384,2024
2024-12-01,Total,total,Restaurants & Café,restaurants caf,food,10014142.740246829,0.0,7982094.541452521,9749143.73392742,9401062.560853632,8475809.940361897,8357692.118908435,12,-2.4492935982947064e-16,1.0,2024
2025-01-01,Total,total,Restaurants & Café,restaurants caf,food,7914731.183207951,0.0,10014142.740246829,7696191.545705744,7592301.610390456,8564142.942468366,8432076.779246345,1,0.49999999999999994,0.8660254037844387,2025
2025-02-01,Total,total,Restaurants & Café,restaurants caf,food,8153227.472775103,0.0,7914731.183207951,7982094.541452521,7934256.819277723,8636989.488302434,8493890.374364475,2,0.8660254037844386,0.5000000000000001,2025
2025-03-01,Total,total,Restaurants & Café,restaurants caf,food,8896821.038736822,0.0,8153227.472775103,10014142.740246829,8013308.155613844,8694033.798743295,8584921.869552596,3,1.0,6.123233995736766e-17,2025
2025-04-01,Total,total,Restaurants & Café,restaurants caf,food,7431334.6545827985,0.0,8896821.038736822,7914731.183207951,7714262.8883570265,8321593.231573291,8442868.08702083,4,0.8660254037844387,-0.4999999999999998,2025
2025-05-01,Total,total,Restaurants & Café,restaurants caf,food,7597457.7456647325,0.0,7431334.6545827985,8153227.472775103,7492959.429942024,8160461.055364907,8398725.271833671,5,0.49999999999999994,-0.8660254037844387,2025
2025-06-01,Total,total,Restaurants & Café,restaurants caf,food,9534239.113275427,0.0,7597457.7456647325,8896821.038736822,9567834.778219366,7975204.479661451,8334619.139202372,6,1.2246467991473532e-16,-1.0,2025
2025-07-01,Total,total,Restaurants & Café,restaurants caf,food,1982008.0,0.0,9534239.113275427,7431334.6545827985,7543849.61249918,8187677.17117432,8254635.201373805,7,-0.4999999999999997,-0.8660254037844388,2025
